factor,horizon,sample,quantile,mean_return,win_rate,sample_count,spread_qhigh_qlow,oriented_spread
delta_eff_long,1,in_sample,1,4.2040784180036875e-05,51.87094003328502,18627,-8.462125761859806e-05,-8.462125761859806e-05
delta_eff_long,1,in_sample,2,4.910724544413748e-05,51.2535566650561,18627,-8.462125761859806e-05,-8.462125761859806e-05
delta_eff_long,1,in_sample,3,4.8439502848585384e-05,50.6093305416868,18627,-8.462125761859806e-05,-8.462125761859806e-05
delta_eff_long,1,in_sample,4,-6.550152052707558e-05,48.57464970204542,18627,-8.462125761859806e-05,-8.462125761859806e-05
delta_eff_long,1,in_sample,5,-4.2580473438561184e-05,47.439063674433584,18626,-8.462125761859806e-05,-8.462125761859806e-05
delta_eff_long,1,out_of_sample,1,3.423031171419019e-05,51.857585139318886,25194,-3.73422091558709e-05,-3.73422091558709e-05
delta_eff_long,1,out_of_sample,2,1.99154327935831e-05,50.85543766578249,15080,-3.73422091558709e-05,-3.73422091558709e-05
delta_eff_long,1,out_of_sample,3,2.487670846226288e-05,50.249595725233775,14223,-3.73422091558709e-05,-3.73422091558709e-05
delta_eff_long,1,out_of_sample,4,-2.5759493978918623e-06,48.9537518326003,15006,-3.73422091558709e-05,-3.73422091558709e-05
delta_eff_long,1,out_of_sample,5,-3.111897441680715e-06,49.06921644948384,23636,-3.73422091558709e-05,-3.73422091558709e-05
delta_eff_long,3,in_sample,1,8.190573866952989e-05,51.908519890481564,18627,-4.402909867643456e-05,-4.402909867643456e-05
delta_eff_long,3,in_sample,2,-2.5812966184286687e-05,51.1354485424384,18627,-4.402909867643456e-05,-4.402909867643456e-05
delta_eff_long,3,in_sample,3,4.526827034224508e-05,50.73817576636066,18627,-4.402909867643456e-05,-4.402909867643456e-05
delta_eff_long,3,in_sample,4,-4.79028082201471e-05,49.723519622054006,18627,-4.402909867643456e-05,-4.402909867643456e-05
delta_eff_long,3,in_sample,5,3.787663999309533e-05,48.74369161387308,18626,-4.402909867643456e-05,-4.402909867643456e-05
delta_eff_long,3,out_of_sample,1,5.201325900947212e-05,51.67705314968444,25193,-3.0757942385709254e-05,-3.0757942385709254e-05
delta_eff_long,3,out_of_sample,2,0.00010310381313606322,51.26657824933687,15080,-3.0757942385709254e-05,-3.0757942385709254e-05
delta_eff_long,3,out_of_sample,3,8.794220862263224e-05,50.99486746818533,14223,-3.0757942385709254e-05,-3.0757942385709254e-05
delta_eff_long,3,out_of_sample,4,-2.8249433734756654e-05,49.54684792749567,15006,-3.0757942385709254e-05,-3.0757942385709254e-05
delta_eff_long,3,out_of_sample,5,2.1255316623762862e-05,49.53247302729004,23635,-3.0757942385709254e-05,-3.0757942385709254e-05
delta_eff_long,6,in_sample,1,8.59028090337781e-05,51.93536264562195,18627,-3.350409309798791e-05,-3.350409309798791e-05
delta_eff_long,6,in_sample,2,-3.0498790349377207e-05,50.700595909164115,18627,-3.350409309798791e-05,-3.350409309798791e-05
delta_eff_long,6,in_sample,3,1.0041598018724541e-05,50.52880227626564,18627,-3.350409309798791e-05,-3.350409309798791e-05
delta_eff_long,6,in_sample,4,5.705100367684102e-05,49.36919525420089,18627,-3.350409309798791e-05,-3.350409309798791e-05
delta_eff_long,6,in_sample,5,5.239871593579019e-05,48.872543756039946,18626,-3.350409309798791e-05,-3.350409309798791e-05
delta_eff_long,6,out_of_sample,1,9.131871864149978e-05,52.089866232683676,25193,-6.256092180572206e-05,-6.256092180572206e-05
delta_eff_long,6,out_of_sample,2,0.00016100855190577596,51.61140583554376,15080,-6.256092180572206e-05,-6.256092180572206e-05
delta_eff_long,6,out_of_sample,3,0.00018750123788944335,51.726320230644816,14221,-6.256092180572206e-05,-6.256092180572206e-05
delta_eff_long,6,out_of_sample,4,1.8324536082881817e-05,50.31320805011329,15006,-6.256092180572206e-05,-6.256092180572206e-05
delta_eff_long,6,out_of_sample,5,2.8757796835777716e-05,49.66150461199966,23634,-6.256092180572206e-05,-6.256092180572206e-05
delta_eff_long,12,in_sample,1,-1.5930068337155795e-06,50.65227894991142,18627,9.838691941223419e-05,9.838691941223419e-05
delta_eff_long,12,in_sample,2,9.392430043221295e-07,51.06565737907339,18627,9.838691941223419e-05,9.838691941223419e-05
delta_eff_long,12,in_sample,3,0.00011287009785731379,50.255006173833685,18627,9.838691941223419e-05,9.838691941223419e-05
delta_eff_long,12,in_sample,4,0.00012944831086208894,50.12079239813174,18627,9.838691941223419e-05,9.838691941223419e-05
delta_eff_long,12,in_sample,5,9.67939125785186e-05,49.04434661226243,18626,9.838691941223419e-05,9.838691941223419e-05
delta_eff_long,12,out_of_sample,1,0.0001678645041805433,52.06017783423309,25192,-2.7583187848616406e-05,-2.7583187848616406e-05
delta_eff_long,12,out_of_sample,2,0.00018942373914647526,51.837113675553795,15078,-2.7583187848616406e-05,-2.7583187848616406e-05
delta_eff_long,12,out_of_sample,3,0.0002685570112670158,51.286919831223635,14220,-2.7583187848616406e-05,-2.7583187848616406e-05
delta_eff_long,12,out_of_sample,4,0.00016279953380685013,50.93296014927362,15006,-2.7583187848616406e-05,-2.7583187848616406e-05
delta_eff_long,12,out_of_sample,5,0.0001402813163319269,50.91824644549763,23632,-2.7583187848616406e-05,-2.7583187848616406e-05
delta_eff_short,1,in_sample,1,-4.274774187787321e-05,47.43651688409298,18627,8.471921865763055e-05,-8.471921865763055e-05
delta_eff_short,1,in_sample,2,-6.440334842205464e-05,48.5800182530735,18627,8.471921865763055e-05,-8.471921865763055e-05
delta_eff_short,1,in_sample,3,4.7261091146057716e-05,50.60396199065872,18627,8.471921865763055e-05,-8.471921865763055e-05
delta_eff_short,1,in_sample,4,4.9428600095828466e-05,51.25892521608419,18627,8.471921865763055e-05,-8.471921865763055e-05
delta_eff_short,1,in_sample,5,4.197147677975734e-05,51.86835606141952,18626,8.471921865763055e-05,-8.471921865763055e-05
delta_eff_short,1,out_of_sample,1,-3.111897441680715e-06,49.06921644948384,23636,3.73422091558709e-05,-3.73422091558709e-05
delta_eff_short,1,out_of_sample,2,-2.5759493978918623e-06,48.9537518326003,15006,3.73422091558709e-05,-3.73422091558709e-05
delta_eff_short,1,out_of_sample,3,2.487670846226288e-05,50.249595725233775,14223,3.73422091558709e-05,-3.73422091558709e-05
delta_eff_short,1,out_of_sample,4,1.99154327935831e-05,50.85543766578249,15080,3.73422091558709e-05,-3.73422091558709e-05
delta_eff_short,1,out_of_sample,5,3.423031171419019e-05,51.857585139318886,25194,3.73422091558709e-05,-3.73422091558709e-05
delta_eff_short,3,in_sample,1,3.793245761363527e-05,48.7464433349439,18627,4.3923685582156895e-05,-4.3923685582156895e-05
delta_eff_short,3,in_sample,2,-4.73338053439095e-05,49.723519622054006,18627,4.3923685582156895e-05,-4.3923685582156895e-05
delta_eff_short,3,in_sample,3,4.440285747642261e-05,50.732807215332585,18627,4.3923685582156895e-05,-4.3923685582156895e-05
delta_eff_short,3,in_sample,4,-2.5520417279432687e-05,51.140817093466474,18627,4.3923685582156895e-05,-4.3923685582156895e-05
delta_eff_short,3,in_sample,5,8.185614319579216e-05,51.905937936218194,18626,4.3923685582156895e-05,-4.3923685582156895e-05
delta_eff_short,3,out_of_sample,1,2.1255316623762862e-05,49.53247302729004,23635,3.0757942385709254e-05,-3.0757942385709254e-05
delta_eff_short,3,out_of_sample,2,-2.8249433734756654e-05,49.54684792749567,15006,3.0757942385709254e-05,-3.0757942385709254e-05
delta_eff_short,3,out_of_sample,3,8.794220862263224e-05,50.99486746818533,14223,3.0757942385709254e-05,-3.0757942385709254e-05
delta_eff_short,3,out_of_sample,4,0.00010310381313606322,51.26657824933687,15080,3.0757942385709254e-05,-3.0757942385709254e-05
delta_eff_short,3,out_of_sample,5,5.201325900947212e-05,51.67705314968444,25193,3.0757942385709254e-05,-3.0757942385709254e-05
delta_eff_short,6,in_sample,1,5.264117189131009e-05,48.87528855961776,18627,3.327743107970291e-05,-3.327743107970291e-05
delta_eff_short,6,in_sample,2,5.814680396671729e-05,49.36919525420089,18627,3.327743107970291e-05,-3.327743107970291e-05
delta_eff_short,6,in_sample,3,8.037632780085877e-06,50.52343372523755,18627,3.327743107970291e-05,-3.327743107970291e-05
delta_eff_short,6,in_sample,4,-2.9847075761129603e-05,50.700595909164115,18627,3.327743107970291e-05,-3.327743107970291e-05
delta_eff_short,6,in_sample,5,8.5918602971013e-05,51.93815097175991,18626,3.327743107970291e-05,-3.327743107970291e-05
delta_eff_short,6,out_of_sample,1,2.8757796835777716e-05,49.66150461199966,23634,6.256092180572206e-05,-6.256092180572206e-05
delta_eff_short,6,out_of_sample,2,1.8324536082881817e-05,50.31320805011329,15006,6.256092180572206e-05,-6.256092180572206e-05
delta_eff_short,6,out_of_sample,3,0.00018750123788944335,51.726320230644816,14221,6.256092180572206e-05,-6.256092180572206e-05
delta_eff_short,6,out_of_sample,4,0.00016100855190577596,51.61140583554376,15080,6.256092180572206e-05,-6.256092180572206e-05
delta_eff_short,6,out_of_sample,5,9.131871864149978e-05,52.089866232683676,25193,6.256092180572206e-05,-6.256092180572206e-05
delta_eff_short,12,in_sample,1,9.660511942147446e-05,49.04171364148816,18627,-9.82480513453409e-05,9.82480513453409e-05
delta_eff_short,12,in_sample,2,0.00013106676069275268,50.126160949159825,18627,-9.82480513453409e-05,9.82480513453409e-05
delta_eff_short,12,in_sample,3,0.00011093282346235062,50.24963762280561,18627,-9.82480513453409e-05,9.82480513453409e-05
delta_eff_short,12,in_sample,4,1.491501183589025e-06,51.07102593010146,18627,-9.82480513453409e-05,9.82480513453409e-05
delta_eff_short,12,in_sample,5,-1.6429319238664404e-06,50.64962955009127,18626,-9.82480513453409e-05,9.82480513453409e-05
delta_eff_short,12,out_of_sample,1,0.0001402813163319269,50.91824644549763,23632,2.7583187848616406e-05,-2.7583187848616406e-05
delta_eff_short,12,out_of_sample,2,0.00016279953380685013,50.93296014927362,15006,2.7583187848616406e-05,-2.7583187848616406e-05
delta_eff_short,12,out_of_sample,3,0.0002685570112670158,51.286919831223635,14220,2.7583187848616406e-05,-2.7583187848616406e-05
delta_eff_short,12,out_of_sample,4,0.00018942373914647526,51.837113675553795,15078,2.7583187848616406e-05,-2.7583187848616406e-05
delta_eff_short,12,out_of_sample,5,0.0001678645041805433,52.06017783423309,25192,2.7583187848616406e-05,-2.7583187848616406e-05
buy_trade_volume_1m,1,in_sample,1,-3.711702672474267e-06,49.5544341850977,18628,5.06430900921559e-05,5.06430900921559e-05
buy_trade_volume_1m,1,in_sample,2,7.983042940001355e-07,50.059050891131626,18628,5.06430900921559e-05,5.06430900921559e-05
buy_trade_volume_1m,1,in_sample,3,-5.162867403475764e-08,50.39725144943097,18628,5.06430900921559e-05,5.06430900921559e-05
buy_trade_volume_1m,1,in_sample,4,-1.2512823220248574e-05,49.97852694867941,18628,5.06430900921559e-05,5.06430900921559e-05
buy_trade_volume_1m,1,in_sample,5,4.693138741968163e-05,49.75305990981319,18628,5.06430900921559e-05,5.06430900921559e-05
buy_trade_volume_1m,1,out_of_sample,1,1.3257758554746318e-05,50.13191041993137,50413,8.053012952477742e-05,8.053012952477742e-05
buy_trade_volume_1m,1,out_of_sample,2,1.2935633881408936e-05,50.799704724409445,16256,8.053012952477742e-05,8.053012952477742e-05
buy_trade_volume_1m,1,out_of_sample,3,1.025588551927047e-05,49.50057456024043,11313,8.053012952477742e-05,8.053012952477742e-05
buy_trade_volume_1m,1,out_of_sample,4,-2.3110884931160496e-05,50.600739371534196,8656,8.053012952477742e-05,8.053012952477742e-05
buy_trade_volume_1m,1,out_of_sample,5,9.378788807952374e-05,50.976772804183966,6501,8.053012952477742e-05,8.053012952477742e-05
buy_trade_volume_1m,3,in_sample,1,-1.9678453747885907e-06,49.586643762078594,18628,0.0001536497097182768,0.0001536497097182768
buy_trade_volume_1m,3,in_sample,2,-6.811687885010258e-05,49.983895211509555,18628,0.0001536497097182768,0.0001536497097182768
buy_trade_volume_1m,3,in_sample,3,3.107596367048915e-05,51.12733519433112,18628,0.0001536497097182768,0.0001536497097182768
buy_trade_volume_1m,3,in_sample,4,-2.1205255641564552e-05,50.75692505905089,18628,0.0001536497097182768,0.0001536497097182768
buy_trade_volume_1m,3,in_sample,5,0.00015168186434348822,50.79987116169208,18628,0.0001536497097182768,0.0001536497097182768
buy_trade_volume_1m,3,out_of_sample,1,3.622429763968127e-05,50.77661621471504,50411,0.00011382223651257056,0.00011382223651257056
buy_trade_volume_1m,3,out_of_sample,2,4.86931603636014e-05,50.688976377952756,16256,0.00011382223651257056,0.00011382223651257056
buy_trade_volume_1m,3,out_of_sample,3,4.316617790218469e-05,50.12817113055776,11313,0.00011382223651257056,0.00011382223651257056
buy_trade_volume_1m,3,out_of_sample,4,1.3052842308243765e-05,50.05776340110906,8656,0.00011382223651257056,0.00011382223651257056
buy_trade_volume_1m,3,out_of_sample,5,0.00015004653415225184,50.8229503153361,6501,0.00011382223651257056,0.00011382223651257056
buy_trade_volume_1m,6,in_sample,1,9.266766927291312e-06,49.522224608116815,18628,0.00024227986403118157,0.00024227986403118157
buy_trade_volume_1m,6,in_sample,2,-0.00010611741785334436,49.511488082456516,18628,0.00024227986403118157,0.00024227986403118157
buy_trade_volume_1m,6,in_sample,3,6.317639122243733e-05,50.98776036074726,18628,0.00024227986403118157,0.00024227986403118157
buy_trade_volume_1m,6,in_sample,4,-4.3422349774112375e-05,50.53682628301481,18628,0.00024227986403118157,0.00024227986403118157
buy_trade_volume_1m,6,in_sample,5,0.00025154663095847287,50.84281726433326,18628,0.00024227986403118157,0.00024227986403118157
buy_trade_volume_1m,6,out_of_sample,1,5.8420225923189126e-05,51.031582288525634,50408,0.00025014382219798237,0.00025014382219798237
buy_trade_volume_1m,6,out_of_sample,2,7.13753455685189e-05,51.45792322834646,16256,0.00025014382219798237,0.00025014382219798237
buy_trade_volume_1m,6,out_of_sample,3,0.00018439169784215573,50.941394855476,11313,0.00025014382219798237,0.00025014382219798237
buy_trade_volume_1m,6,out_of_sample,4,1.762636136260055e-05,50.866451016635864,8656,0.00025014382219798237,0.00025014382219798237
buy_trade_volume_1m,6,out_of_sample,5,0.0003085640481211715,50.669127826488236,6501,0.00025014382219798237,0.00025014382219798237
buy_trade_volume_1m,12,in_sample,1,0.0001008917225919358,49.661799441700666,18628,0.00018361004279366869,0.00018361004279366869
buy_trade_volume_1m,12,in_sample,2,-1.841860786838453e-05,49.21623362679837,18628,0.00018361004279366869,0.00018361004279366869
buy_trade_volume_1m,12,in_sample,3,2.4690562805813817e-05,50.94481425810608,18628,0.00018361004279366869,0.00018361004279366869
buy_trade_volume_1m,12,in_sample,4,-5.346937439799801e-05,50.767661584711185,18628,0.00018361004279366869,0.00018361004279366869
buy_trade_volume_1m,12,in_sample,5,0.0002845017653856045,50.542194545844964,18628,0.00018361004279366869,0.00018361004279366869
buy_trade_volume_1m,12,out_of_sample,1,5.761933912322913e-05,50.890837665172015,50402,0.0005520395844591316,0.0005520395844591316
buy_trade_volume_1m,12,out_of_sample,2,0.00017045077010371576,51.82086614173228,16256,0.0005520395844591316,0.0005520395844591316
buy_trade_volume_1m,12,out_of_sample,3,0.0003819677644424792,52.46176964554052,11313,0.0005520395844591316,0.0005520395844591316
buy_trade_volume_1m,12,out_of_sample,4,0.00031219739713537017,52.47227356746765,8656,0.0005520395844591316,0.0005520395844591316
buy_trade_volume_1m,12,out_of_sample,5,0.0006096589235823608,51.515151515151516,6501,0.0005520395844591316,0.0005520395844591316
sell_trade_volume_1m,1,in_sample,1,-1.5792922707751342e-08,49.10350010736526,18628,6.271603871744384e-05,-6.271603871744384e-05
sell_trade_volume_1m,1,in_sample,2,-1.269185102430087e-05,49.683272493021256,18628,6.271603871744384e-05,-6.271603871744384e-05
sell_trade_volume_1m,1,in_sample,3,-8.627178152624167e-06,50.07515567962207,18628,6.271603871744384e-05,-6.271603871744384e-05
sell_trade_volume_1m,1,in_sample,4,-9.911886548179136e-06,50.16104788490444,18628,6.271603871744384e-05,-6.271603871744384e-05
sell_trade_volume_1m,1,in_sample,5,6.270024579473609e-05,50.71934721923985,18628,6.271603871744384e-05,-6.271603871744384e-05
sell_trade_volume_1m,1,out_of_sample,1,1.0746847110579549e-05,49.842358866570166,50431,9.90343627343714e-05,-9.90343627343714e-05
sell_trade_volume_1m,1,out_of_sample,2,1.8573619886050514e-05,50.558538542245266,16203,9.90343627343714e-05,-9.90343627343714e-05
sell_trade_volume_1m,1,out_of_sample,3,2.522702465497427e-06,50.689899168583054,11306,9.90343627343714e-05,-9.90343627343714e-05
sell_trade_volume_1m,1,out_of_sample,4,-2.114705536587012e-05,50.32280378141573,8674,9.90343627343714e-05,-9.90343627343714e-05
sell_trade_volume_1m,1,out_of_sample,5,0.00010978120984495096,52.122605363984675,6525,9.90343627343714e-05,-9.90343627343714e-05
sell_trade_volume_1m,3,in_sample,1,-8.112259531674109e-06,49.36117672321237,18628,0.00015362751381245857,-0.00015362751381245857
sell_trade_volume_1m,3,in_sample,2,-3.7578999234284385e-05,49.812110800944815,18628,0.00015362751381245857,-0.00015362751381245857
sell_trade_volume_1m,3,in_sample,3,-1.7806339583004442e-05,50.767661584711185,18628,0.00015362751381245857,-0.00015362751381245857
sell_trade_volume_1m,3,in_sample,4,9.450192215700085e-06,50.998496886407565,18628,0.00015362751381245857,-0.00015362751381245857
sell_trade_volume_1m,3,in_sample,5,0.00014551525428078448,51.3152243933863,18628,0.00015362751381245857,-0.00015362751381245857
sell_trade_volume_1m,3,out_of_sample,1,2.4979144101851355e-05,50.56415951139226,50429,0.00019505919889259036,-0.00019505919889259036
sell_trade_volume_1m,3,out_of_sample,2,8.591695744812456e-05,50.69431586743196,16203,0.00019505919889259036,-0.00019505919889259036
sell_trade_volume_1m,3,out_of_sample,3,5.886434171316631e-05,50.353794445427205,11306,0.00019505919889259036,-0.00019505919889259036
sell_trade_volume_1m,3,out_of_sample,4,-6.440168083421436e-05,50.092229651833065,8674,0.00019505919889259036,-0.00019505919889259036
sell_trade_volume_1m,3,out_of_sample,5,0.00022003834299444172,52.01532567049808,6525,0.00019505919889259036,-0.00019505919889259036
sell_trade_volume_1m,6,in_sample,1,5.143777092713967e-06,49.232338415288815,18628,0.0001818982920598537,-0.0001818982920598537
sell_trade_volume_1m,6,in_sample,2,-8.199296972821778e-05,49.31286235774103,18628,0.0001818982920598537,-0.0001818982920598537
sell_trade_volume_1m,6,in_sample,3,5.7827423340667284e-05,50.92334120678549,18628,0.0001818982920598537,-0.0001818982920598537
sell_trade_volume_1m,6,in_sample,4,6.429721623013614e-06,50.74082027056045,18628,0.0001818982920598537,-0.0001818982920598537
sell_trade_volume_1m,6,in_sample,5,0.00018704206915256768,51.191754348292896,18628,0.0001818982920598537,-0.0001818982920598537
sell_trade_volume_1m,6,out_of_sample,1,4.1259646942757855e-05,50.84083607662714,50426,0.0003148445216237375,-0.0003148445216237375
sell_trade_volume_1m,6,out_of_sample,2,0.0001384293157641849,51.08313275319385,16203,0.0003148445216237375,-0.0003148445216237375
sell_trade_volume_1m,6,out_of_sample,3,0.00014101417998161714,51.57438528215107,11306,0.0003148445216237375,-0.0003148445216237375
sell_trade_volume_1m,6,out_of_sample,4,1.2483413136446051e-05,51.01452617016371,8674,0.0003148445216237375,-0.0003148445216237375
sell_trade_volume_1m,6,out_of_sample,5,0.0003561041685664954,51.78544061302682,6525,0.0003148445216237375,-0.0003148445216237375
sell_trade_volume_1m,12,in_sample,1,6.911342671146117e-05,49.37728151170281,18628,0.0001805385302529359,-0.0001805385302529359
sell_trade_volume_1m,12,in_sample,2,4.48340018049625e-05,49.49538329396607,18628,0.0001805385302529359,-0.0001805385302529359
sell_trade_volume_1m,12,in_sample,3,1.1465151918982639e-05,50.595877174146445,18628,0.0001805385302529359,-0.0001805385302529359
sell_trade_volume_1m,12,in_sample,4,-3.686846888283175e-05,50.65492806527807,18628,0.0001805385302529359,-0.0001805385302529359
sell_trade_volume_1m,12,in_sample,5,0.0002496519569643971,51.00923341206786,18628,0.0001805385302529359,-0.0001805385302529359
sell_trade_volume_1m,12,out_of_sample,1,3.8570600305915645e-05,50.785402618008725,50420,0.0006780227122499372,-0.0006780227122499372
sell_trade_volume_1m,12,out_of_sample,2,0.000285907052613289,51.879281614515826,16203,0.0006780227122499372,-0.0006780227122499372
sell_trade_volume_1m,12,out_of_sample,3,0.00028799578338426765,52.53847514594021,11306,0.0006780227122499372,-0.0006780227122499372
sell_trade_volume_1m,12,out_of_sample,4,0.0002481921798430478,51.81000691722388,8674,0.0006780227122499372,-0.0006780227122499372
sell_trade_volume_1m,12,out_of_sample,5,0.0007165933125558529,52.934865900383144,6525,0.0006780227122499372,-0.0006780227122499372
trade_volume_delta_1m,1,in_sample,1,7.54027301944844e-05,52.437191324887266,18628,-0.00014287437018332863,-0.00014287437018332863
trade_volume_delta_1m,1,in_sample,2,6.519526821926784e-05,51.3259609190466,18628,-0.00014287437018332863,-0.00014287437018332863
trade_volume_delta_1m,1,in_sample,3,-1.640153173761662e-05,49.898003006227185,18628,-0.00014287437018332863,-0.00014287437018332863
trade_volume_delta_1m,1,in_sample,4,-2.527128954036722e-05,48.72772170925489,18628,-0.00014287437018332863,-0.00014287437018332863
trade_volume_delta_1m,1,in_sample,5,-6.747163998884422e-05,47.35344642473696,18628,-0.00014287437018332863,-0.00014287437018332863
trade_volume_delta_1m,1,out_of_sample,1,5.0083146911467856e-05,52.592716898808526,11918,-4.0630752529295384e-05,-4.0630752529295384e-05
trade_volume_delta_1m,1,out_of_sample,2,4.1705972939368185e-05,51.78822583885875,19908,-4.0630752529295384e-05,-4.0630752529295384e-05
trade_volume_delta_1m,1,out_of_sample,3,1.1184045034950236e-05,49.875008445375315,29602,-4.0630752529295384e-05,-4.0630752529295384e-05
trade_volume_delta_1m,1,out_of_sample,4,-2.2690176124736883e-05,48.82474429583005,20336,-4.0630752529295384e-05,-4.0630752529295384e-05
trade_volume_delta_1m,1,out_of_sample,5,9.452394382172468e-06,48.82637362637362,11375,-4.0630752529295384e-05,-4.0630752529295384e-05
trade_volume_delta_1m,3,in_sample,1,8.771138201224375e-05,52.39961348507622,18628,-5.1805845773671974e-05,-5.1805845773671974e-05
trade_volume_delta_1m,3,in_sample,2,2.0852484711804673e-05,50.99312862357741,18628,-5.1805845773671974e-05,-5.1805845773671974e-05
trade_volume_delta_1m,3,in_sample,3,-5.703649581645389e-05,50.059050891131626,18628,-5.1805845773671974e-05,-5.1805845773671974e-05
trade_volume_delta_1m,3,in_sample,4,4.0349410013553355e-06,49.80674253811467,18628,-5.1805845773671974e-05,-5.1805845773671974e-05
trade_volume_delta_1m,3,in_sample,5,3.590553623857178e-05,48.99613485076229,18628,-5.1805845773671974e-05,-5.1805845773671974e-05
trade_volume_delta_1m,3,out_of_sample,1,7.931068586607877e-05,52.475247524752476,11918,-6.396588471020858e-05,-6.396588471020858e-05
trade_volume_delta_1m,3,out_of_sample,2,0.0001300706120380585,51.62748643761302,19908,-6.396588471020858e-05,-6.396588471020858e-05
trade_volume_delta_1m,3,out_of_sample,3,1.9087267650679054e-05,50.44086348434175,29601,-6.396588471020858e-05,-6.396588471020858e-05
trade_volume_delta_1m,3,out_of_sample,4,-3.923474115826422e-06,49.90410622080157,20335,-6.396588471020858e-05,-6.396588471020858e-05
trade_volume_delta_1m,3,out_of_sample,5,1.534480115587019e-05,48.65054945054945,11375,-6.396588471020858e-05,-6.396588471020858e-05
trade_volume_delta_1m,6,in_sample,1,5.9549063893499787e-05,52.404981747906376,18628,8.099743042635959e-05,8.099743042635959e-05
trade_volume_delta_1m,6,in_sample,2,3.827234103709608e-05,50.83208073867297,18628,8.099743042635959e-05,8.099743042635959e-05
trade_volume_delta_1m,6,in_sample,3,-8.623803878589475e-05,49.640326390380075,18628,8.099743042635959e-05,8.099743042635959e-05
trade_volume_delta_1m,6,in_sample,4,2.2320161016184296e-05,49.76379643547348,18628,8.099743042635959e-05,8.099743042635959e-05
trade_volume_delta_1m,6,in_sample,5,0.00014054649431985937,48.759931286235776,18628,8.099743042635959e-05,8.099743042635959e-05
trade_volume_delta_1m,6,out_of_sample,1,0.0001883896310382971,52.92834368182581,11918,-0.0001301250463324325,-0.0001301250463324325
trade_volume_delta_1m,6,out_of_sample,2,0.00019614678583362117,51.99919630299377,19908,-0.0001301250463324325,-0.0001301250463324325
trade_volume_delta_1m,6,out_of_sample,3,4.0632461708166227e-05,50.96118112098381,29599,-0.0001301250463324325,-0.0001301250463324325
trade_volume_delta_1m,6,out_of_sample,4,1.643250635178996e-05,50.25081144880495,20334,-0.0001301250463324325,-0.0001301250463324325
trade_volume_delta_1m,6,out_of_sample,5,5.826458470586459e-05,49.11648351648352,11375,-0.0001301250463324325,-0.0001301250463324325
trade_volume_delta_1m,12,in_sample,1,-4.233590678199009e-05,51.44943096414001,18628,0.0002619268503326232,0.0002619268503326232
trade_volume_delta_1m,12,in_sample,2,4.1424562341958374e-05,50.42946102641185,18628,0.0002619268503326232,0.0002619268503326232
trade_volume_delta_1m,12,in_sample,3,6.24927837974156e-05,49.6993772815117,18628,0.0002619268503326232,0.0002619268503326232
trade_volume_delta_1m,12,in_sample,4,5.7023685608954666e-05,50.09126046811252,18628,0.0002619268503326232,0.0002619268503326232
trade_volume_delta_1m,12,in_sample,5,0.0002195909435506331,49.46317371698518,18628,0.0002619268503326232,0.0002619268503326232
trade_volume_delta_1m,12,out_of_sample,1,0.00028875677355072124,53.08776640375902,11918,3.557094261730698e-05,3.557094261730698e-05
trade_volume_delta_1m,12,out_of_sample,2,0.00028659569996187503,52.16998191681736,19908,3.557094261730698e-05,3.557094261730698e-05
trade_volume_delta_1m,12,out_of_sample,3,3.766220340187605e-05,50.6082313982564,29594,3.557094261730698e-05,3.557094261730698e-05
trade_volume_delta_1m,12,out_of_sample,4,0.00013333983471895488,51.409039492450695,20333,3.557094261730698e-05,3.557094261730698e-05
trade_volume_delta_1m,12,out_of_sample,5,0.0003243277161680282,50.610989010989016,11375,3.557094261730698e-05,3.557094261730698e-05
trade_volume_delta_ratio_1m,1,in_sample,1,4.2040784180036875e-05,51.87094003328502,18627,-8.462125761859806e-05,-8.462125761859806e-05
trade_volume_delta_ratio_1m,1,in_sample,2,4.910724544413748e-05,51.2535566650561,18627,-8.462125761859806e-05,-8.462125761859806e-05
trade_volume_delta_ratio_1m,1,in_sample,3,4.8439502848585384e-05,50.6093305416868,18627,-8.462125761859806e-05,-8.462125761859806e-05
trade_volume_delta_ratio_1m,1,in_sample,4,-6.550152052707558e-05,48.57464970204542,18627,-8.462125761859806e-05,-8.462125761859806e-05
trade_volume_delta_ratio_1m,1,in_sample,5,-4.2580473438561184e-05,47.439063674433584,18626,-8.462125761859806e-05,-8.462125761859806e-05
trade_volume_delta_ratio_1m,1,out_of_sample,1,3.423031171419019e-05,51.857585139318886,25194,-3.73422091558709e-05,-3.73422091558709e-05
trade_volume_delta_ratio_1m,1,out_of_sample,2,1.99154327935831e-05,50.85543766578249,15080,-3.73422091558709e-05,-3.73422091558709e-05
trade_volume_delta_ratio_1m,1,out_of_sample,3,2.487670846226288e-05,50.249595725233775,14223,-3.73422091558709e-05,-3.73422091558709e-05
trade_volume_delta_ratio_1m,1,out_of_sample,4,-2.5759493978918623e-06,48.9537518326003,15006,-3.73422091558709e-05,-3.73422091558709e-05
trade_volume_delta_ratio_1m,1,out_of_sample,5,-3.111897441680715e-06,49.06921644948384,23636,-3.73422091558709e-05,-3.73422091558709e-05
trade_volume_delta_ratio_1m,3,in_sample,1,8.190573866952989e-05,51.908519890481564,18627,-4.402909867643456e-05,-4.402909867643456e-05
trade_volume_delta_ratio_1m,3,in_sample,2,-2.5812966184286687e-05,51.1354485424384,18627,-4.402909867643456e-05,-4.402909867643456e-05
trade_volume_delta_ratio_1m,3,in_sample,3,4.526827034224508e-05,50.73817576636066,18627,-4.402909867643456e-05,-4.402909867643456e-05
trade_volume_delta_ratio_1m,3,in_sample,4,-4.79028082201471e-05,49.723519622054006,18627,-4.402909867643456e-05,-4.402909867643456e-05
trade_volume_delta_ratio_1m,3,in_sample,5,3.787663999309533e-05,48.74369161387308,18626,-4.402909867643456e-05,-4.402909867643456e-05
trade_volume_delta_ratio_1m,3,out_of_sample,1,5.201325900947212e-05,51.67705314968444,25193,-3.0757942385709254e-05,-3.0757942385709254e-05
trade_volume_delta_ratio_1m,3,out_of_sample,2,0.00010310381313606322,51.26657824933687,15080,-3.0757942385709254e-05,-3.0757942385709254e-05
trade_volume_delta_ratio_1m,3,out_of_sample,3,8.794220862263224e-05,50.99486746818533,14223,-3.0757942385709254e-05,-3.0757942385709254e-05
trade_volume_delta_ratio_1m,3,out_of_sample,4,-2.8249433734756654e-05,49.54684792749567,15006,-3.0757942385709254e-05,-3.0757942385709254e-05
trade_volume_delta_ratio_1m,3,out_of_sample,5,2.1255316623762862e-05,49.53247302729004,23635,-3.0757942385709254e-05,-3.0757942385709254e-05
trade_volume_delta_ratio_1m,6,in_sample,1,8.59028090337781e-05,51.93536264562195,18627,-3.350409309798791e-05,-3.350409309798791e-05
trade_volume_delta_ratio_1m,6,in_sample,2,-3.0498790349377207e-05,50.700595909164115,18627,-3.350409309798791e-05,-3.350409309798791e-05
trade_volume_delta_ratio_1m,6,in_sample,3,1.0041598018724541e-05,50.52880227626564,18627,-3.350409309798791e-05,-3.350409309798791e-05
trade_volume_delta_ratio_1m,6,in_sample,4,5.705100367684102e-05,49.36919525420089,18627,-3.350409309798791e-05,-3.350409309798791e-05
trade_volume_delta_ratio_1m,6,in_sample,5,5.239871593579019e-05,48.872543756039946,18626,-3.350409309798791e-05,-3.350409309798791e-05
trade_volume_delta_ratio_1m,6,out_of_sample,1,9.131871864149978e-05,52.089866232683676,25193,-6.256092180572206e-05,-6.256092180572206e-05
trade_volume_delta_ratio_1m,6,out_of_sample,2,0.00016100855190577596,51.61140583554376,15080,-6.256092180572206e-05,-6.256092180572206e-05
trade_volume_delta_ratio_1m,6,out_of_sample,3,0.00018750123788944335,51.726320230644816,14221,-6.256092180572206e-05,-6.256092180572206e-05
trade_volume_delta_ratio_1m,6,out_of_sample,4,1.8324536082881817e-05,50.31320805011329,15006,-6.256092180572206e-05,-6.256092180572206e-05
trade_volume_delta_ratio_1m,6,out_of_sample,5,2.8757796835777716e-05,49.66150461199966,23634,-6.256092180572206e-05,-6.256092180572206e-05
trade_volume_delta_ratio_1m,12,in_sample,1,-1.5930068337155795e-06,50.65227894991142,18627,9.838691941223419e-05,9.838691941223419e-05
trade_volume_delta_ratio_1m,12,in_sample,2,9.392430043221295e-07,51.06565737907339,18627,9.838691941223419e-05,9.838691941223419e-05
trade_volume_delta_ratio_1m,12,in_sample,3,0.00011287009785731379,50.255006173833685,18627,9.838691941223419e-05,9.838691941223419e-05
trade_volume_delta_ratio_1m,12,in_sample,4,0.00012944831086208894,50.12079239813174,18627,9.838691941223419e-05,9.838691941223419e-05
trade_volume_delta_ratio_1m,12,in_sample,5,9.67939125785186e-05,49.04434661226243,18626,9.838691941223419e-05,9.838691941223419e-05
trade_volume_delta_ratio_1m,12,out_of_sample,1,0.0001678645041805433,52.06017783423309,25192,-2.7583187848616406e-05,-2.7583187848616406e-05
trade_volume_delta_ratio_1m,12,out_of_sample,2,0.00018942373914647526,51.837113675553795,15078,-2.7583187848616406e-05,-2.7583187848616406e-05
trade_volume_delta_ratio_1m,12,out_of_sample,3,0.0002685570112670158,51.286919831223635,14220,-2.7583187848616406e-05,-2.7583187848616406e-05
trade_volume_delta_ratio_1m,12,out_of_sample,4,0.00016279953380685013,50.93296014927362,15006,-2.7583187848616406e-05,-2.7583187848616406e-05
trade_volume_delta_ratio_1m,12,out_of_sample,5,0.0001402813163319269,50.91824644549763,23632,-2.7583187848616406e-05,-2.7583187848616406e-05
taker_buy_ratio_1m,1,in_sample,1,4.2040784180036875e-05,51.87094003328502,18627,-8.462125761859806e-05,-8.462125761859806e-05
taker_buy_ratio_1m,1,in_sample,2,4.910724544413748e-05,51.2535566650561,18627,-8.462125761859806e-05,-8.462125761859806e-05
taker_buy_ratio_1m,1,in_sample,3,4.8439502848585384e-05,50.6093305416868,18627,-8.462125761859806e-05,-8.462125761859806e-05
taker_buy_ratio_1m,1,in_sample,4,-6.550152052707558e-05,48.57464970204542,18627,-8.462125761859806e-05,-8.462125761859806e-05
taker_buy_ratio_1m,1,in_sample,5,-4.2580473438561184e-05,47.439063674433584,18626,-8.462125761859806e-05,-8.462125761859806e-05
taker_buy_ratio_1m,1,out_of_sample,1,3.423031171419019e-05,51.857585139318886,25194,-3.73422091558709e-05,-3.73422091558709e-05
taker_buy_ratio_1m,1,out_of_sample,2,1.99154327935831e-05,50.85543766578249,15080,-3.73422091558709e-05,-3.73422091558709e-05
taker_buy_ratio_1m,1,out_of_sample,3,2.487670846226288e-05,50.249595725233775,14223,-3.73422091558709e-05,-3.73422091558709e-05
taker_buy_ratio_1m,1,out_of_sample,4,-2.5759493978918623e-06,48.9537518326003,15006,-3.73422091558709e-05,-3.73422091558709e-05
taker_buy_ratio_1m,1,out_of_sample,5,-3.111897441680715e-06,49.06921644948384,23636,-3.73422091558709e-05,-3.73422091558709e-05
taker_buy_ratio_1m,3,in_sample,1,8.190573866952989e-05,51.908519890481564,18627,-4.402909867643456e-05,-4.402909867643456e-05
taker_buy_ratio_1m,3,in_sample,2,-2.5812966184286687e-05,51.1354485424384,18627,-4.402909867643456e-05,-4.402909867643456e-05
taker_buy_ratio_1m,3,in_sample,3,4.526827034224508e-05,50.73817576636066,18627,-4.402909867643456e-05,-4.402909867643456e-05
taker_buy_ratio_1m,3,in_sample,4,-4.79028082201471e-05,49.723519622054006,18627,-4.402909867643456e-05,-4.402909867643456e-05
taker_buy_ratio_1m,3,in_sample,5,3.787663999309533e-05,48.74369161387308,18626,-4.402909867643456e-05,-4.402909867643456e-05
taker_buy_ratio_1m,3,out_of_sample,1,5.201325900947212e-05,51.67705314968444,25193,-3.0757942385709254e-05,-3.0757942385709254e-05
taker_buy_ratio_1m,3,out_of_sample,2,0.00010310381313606322,51.26657824933687,15080,-3.0757942385709254e-05,-3.0757942385709254e-05
taker_buy_ratio_1m,3,out_of_sample,3,8.794220862263224e-05,50.99486746818533,14223,-3.0757942385709254e-05,-3.0757942385709254e-05
taker_buy_ratio_1m,3,out_of_sample,4,-2.8249433734756654e-05,49.54684792749567,15006,-3.0757942385709254e-05,-3.0757942385709254e-05
taker_buy_ratio_1m,3,out_of_sample,5,2.1255316623762862e-05,49.53247302729004,23635,-3.0757942385709254e-05,-3.0757942385709254e-05
taker_buy_ratio_1m,6,in_sample,1,8.59028090337781e-05,51.93536264562195,18627,-3.350409309798791e-05,-3.350409309798791e-05
taker_buy_ratio_1m,6,in_sample,2,-3.0498790349377207e-05,50.700595909164115,18627,-3.350409309798791e-05,-3.350409309798791e-05
taker_buy_ratio_1m,6,in_sample,3,1.0041598018724541e-05,50.52880227626564,18627,-3.350409309798791e-05,-3.350409309798791e-05
taker_buy_ratio_1m,6,in_sample,4,5.705100367684102e-05,49.36919525420089,18627,-3.350409309798791e-05,-3.350409309798791e-05
taker_buy_ratio_1m,6,in_sample,5,5.239871593579019e-05,48.872543756039946,18626,-3.350409309798791e-05,-3.350409309798791e-05
taker_buy_ratio_1m,6,out_of_sample,1,9.131871864149978e-05,52.089866232683676,25193,-6.256092180572206e-05,-6.256092180572206e-05
taker_buy_ratio_1m,6,out_of_sample,2,0.00016100855190577596,51.61140583554376,15080,-6.256092180572206e-05,-6.256092180572206e-05
taker_buy_ratio_1m,6,out_of_sample,3,0.00018750123788944335,51.726320230644816,14221,-6.256092180572206e-05,-6.256092180572206e-05
taker_buy_ratio_1m,6,out_of_sample,4,1.8324536082881817e-05,50.31320805011329,15006,-6.256092180572206e-05,-6.256092180572206e-05
taker_buy_ratio_1m,6,out_of_sample,5,2.8757796835777716e-05,49.66150461199966,23634,-6.256092180572206e-05,-6.256092180572206e-05
taker_buy_ratio_1m,12,in_sample,1,-1.5930068337155795e-06,50.65227894991142,18627,9.838691941223419e-05,9.838691941223419e-05
taker_buy_ratio_1m,12,in_sample,2,9.392430043221295e-07,51.06565737907339,18627,9.838691941223419e-05,9.838691941223419e-05
taker_buy_ratio_1m,12,in_sample,3,0.00011287009785731379,50.255006173833685,18627,9.838691941223419e-05,9.838691941223419e-05
taker_buy_ratio_1m,12,in_sample,4,0.00012944831086208894,50.12079239813174,18627,9.838691941223419e-05,9.838691941223419e-05
taker_buy_ratio_1m,12,in_sample,5,9.67939125785186e-05,49.04434661226243,18626,9.838691941223419e-05,9.838691941223419e-05
taker_buy_ratio_1m,12,out_of_sample,1,0.0001678645041805433,52.06017783423309,25192,-2.7583187848616406e-05,-2.7583187848616406e-05
taker_buy_ratio_1m,12,out_of_sample,2,0.00018942373914647526,51.837113675553795,15078,-2.7583187848616406e-05,-2.7583187848616406e-05
taker_buy_ratio_1m,12,out_of_sample,3,0.0002685570112670158,51.286919831223635,14220,-2.7583187848616406e-05,-2.7583187848616406e-05
taker_buy_ratio_1m,12,out_of_sample,4,0.00016279953380685013,50.93296014927362,15006,-2.7583187848616406e-05,-2.7583187848616406e-05
taker_buy_ratio_1m,12,out_of_sample,5,0.0001402813163319269,50.91824644549763,23632,-2.7583187848616406e-05,-2.7583187848616406e-05
